macAddress,horario,cpuPorcentagem,cpuNucleosFisicos,cpuNucleosLogicos,cpuTempoUser,cpuTempoSistema,cpuTempoInativo,ramUsada,ramTotal,ramLivre,discoUsado,discoTotal,discoLivre,totalProcessos
80:e6:50:04:fd:58,2026-05-20 01:11:08,62.3,2,4,86493.23,45808.67,377539.99,4400832512,8589934592,2452725760,15324413952,250790436864,126903672832,462
80:e6:50:04:fd:58,2026-05-20 01:11:18,23.4,2,4,86499.69,45811.58,377570.72,4267368448,8589934592,2587291648,15324413952,250790436864,126899019776,461
80:e6:50:04:fd:58,2026-05-20 01:11:28,16.5,2,4,86504.1,45813.76,377604.16,4321341440,8589934592,2538516480,15324413952,250790436864,126903664640,461
80:e6:50:04:fd:58,2026-05-20 01:11:38,9.1,2,4,86506.2,45815.31,377640.54,4221218816,8589934592,2632310784,15324413952,250790436864,126902534144,461
80:e6:50:04:fd:58,2026-05-20 01:11:48,13.0,2,4,86509.71,45816.99,377675.39,4239212544,8589934592,2619957248,15324413952,250790436864,126900563968,463
80:e6:50:04:fd:58,2026-05-20 01:11:58,5.1,2,4,86510.87,45817.89,377713.37,4288188416,8589934592,2578206720,15324413952,250790436864,126900563968,463
80:e6:50:04:fd:58,2026-05-20 01:12:08,28.0,2,4,86517.97,45822.0,377742.21,4421197824,8589934592,2475941888,15324413952,250790436864,126899888128,463
80:e6:50:04:fd:58,2026-05-20 01:12:18,37.5,2,4,86526.87,45828.1,377767.23,4342579200,8589934592,2466177024,15324413952,250790436864,126891642880,460
80:e6:50:04:fd:58,2026-05-20 01:12:28,35.3,2,4,86534.81,45834.37,377793.26,4390780928,8589934592,2622894080,15324413952,250790436864,126895378432,464
